trade_date,ts_code,trade_date,open,high,low,close,pre_close,change,pct_chg,vol,amount,ma5,ma_v_5,ma10,ma_v_10,ma30,ma_v_30,ma60,ma_v_60
20181221,000001.SZ,20181221,9.68,9.7,9.33,9.45,9.71,-0.26,-2.6777,1000616.76,944460.332,9.9,739585.55,10.07,617573.56,10.33,704423.86,10.51,1083485.29
20181220,000001.SZ,20181220,9.92,9.97,9.63,9.71,9.94,-0.23,-2.3139,990284.79,964202.861,10.05,644797.22,10.15,551533.5,10.37,725378.94,10.53,1077147.48
20181219,000001.SZ,20181219,10.14,10.18,9.9,9.94,10.12,-0.18,-1.7787,598007.01,600090.171,10.18,604909.3,10.21,510391.67,10.4,718835.32,10.54,1081168.55
20181218,000001.SZ,20181218,10.2,10.32,10.1,10.12,10.29,-0.17,-1.6521,537744.3,547157.562,10.24,558583.71,10.26,508745.49,10.43,725088.33,10.54,1089981.89
20181217,000001.SZ,20181217,10.16,10.33,10.1,10.29,10.17,0.12,1.1799,571274.87,584679.512,10.26,510852.77,10.31,508452.37,10.46,731687.71,10.53,1089637.52
20181214,000001.SZ,20181214,10.34,10.35,10.16,10.17,10.39,-0.22,-2.1174,526675.13,539263.012,10.24,495561.57,10.34,557734.6,10.48,755709.35,10.52,1090445.44
20181213,000001.SZ,20181213,10.25,10.48,10.2,10.39,10.24,0.15,1.4648,790845.21,819920.689,10.26,458269.78,10.35,564538.62,10.51,811917.61,10.52,1098329.62
20181212,000001.SZ,20181212,10.3,10.32,10.2,10.24,10.23,0.01,0.0978,366379.03,375402.863,10.23,415874.03,10.34,533982.5,10.52,836981.98,10.51,1094562.68
20181211,000001.SZ,20181211,10.21,10.26,10.17,10.23,10.17,0.06,0.59,299089.62,305389.21,10.28,458907.28,10.34,551119.74,10.55,863192.14,10.51,1100339.16
20181210,000001.SZ,20181210,10.22,10.27,10.13,10.17,10.28,-0.11,-1.07,494818.87,504040.653,10.35,506051.96,10.33,594555.62,10.57,903283.42,10.5,1105970.82
20181207,000001.SZ,20181207,10.3,10.39,10.27,10.28,10.25,0.03,0.2927,340216.15,351101.37,10.43,619907.62,10.35,596730.64,10.59,939843.75,10.5,1111207.76
20181206,000001.SZ,20181206,10.36,10.37,10.23,10.25,10.45,-0.2,-1.9139,578866.48,594649.682,10.45,670807.46,10.36,632744.84,10.62,971835.71,10.49,1117400.45
20181205,000001.SZ,20181205,10.49,10.51,10.4,10.45,10.59,-0.14,-1.322,581545.27,608133.29,10.44,652090.97,10.39,624884.98,10.65,1008707.21,10.49,1127410.23
20181204,000001.SZ,20181204,10.57,10.62,10.53,10.59,10.59,0.0,0.0,534813.05,565743.744,10.4,643332.21,10.4,633346.19,10.67,1050303.19,10.49,1139323.51
20181203,000001.SZ,20181203,10.59,10.66,10.47,10.59,10.36,0.23,2.2201,1064097.17,1126374.829,10.32,683059.27,10.4,683252.63,10.68,1085894.28,10.48,1142271.55
20181130,000001.SZ,20181130,10.22,10.36,10.17,10.36,10.2,0.16,1.5686,594715.32,610571.532,10.27,573553.66,10.43,712931.63,10.7,1138609.15,10.47,1146384.35
20181129,000001.SZ,20181129,10.35,10.39,10.19,10.2,10.28,-0.08,-0.7782,485284.05,499068.827,10.26,594682.23,10.45,759419.35,10.71,1188240.88,10.47,1153054.39
20181128,000001.SZ,20181128,10.17,10.31,10.16,10.28,10.18,0.1,0.9823,537751.45,550820.246,10.33,597678.99,10.49,801037.15,10.71,1205436.61,10.47,1159997.72
20181127,000001.SZ,20181127,10.35,10.39,10.16,10.18,10.34,-0.16,-1.5474,733448.38,752824.12,10.4,623360.16,10.5,824685.99,10.71,1232541.23,10.47,1172531.48
20181126,000001.SZ,20181126,10.34,10.46,10.3,10.34,10.32,0.02,0.1938,516569.11,535963.342,10.48,683445.99,10.54,858590.91,10.72,1254656.98,10.48,1197281.08
20181123,000001.SZ,20181123,10.53,10.58,10.31,10.32,10.55,-0.23,-2.1801,700358.15,730667.665,10.58,852309.59,10.56,898967.39,10.71,1284194.19,10.47,1239345.07
20181122,000001.SZ,20181122,10.67,10.67,10.48,10.55,10.61,-0.06,-0.5655,500267.85,527103.281,10.63,924156.48,10.59,991858.49,10.71,1311409.26,10.45,1239823.67
20181121,000001.SZ,20181121,10.5,10.67,10.48,10.61,10.57,0.04,0.3784,666157.33,705638.355,10.64,1004395.3,10.62,1021229.3,10.69,1361238.46,10.43,1247859.78
20181120,000001.SZ,20181120,10.75,10.8,10.52,10.57,10.85,-0.28,-2.5806,1033877.53,1099654.683,10.61,1026011.81,10.64,1033173.31,10.68,1372206.55,10.41,1257831.73
20181119,000001.SZ,20181119,10.57,10.88,10.57,10.85,10.57,0.28,2.649,1360887.09,1466899.416,10.6,1033735.83,10.67,1003358.13,10.68,1373213.44,10.38,1251955.8
20181116,000001.SZ,20181116,10.61,10.72,10.49,10.57,10.62,-0.05,-0.4708,1059592.59,1123173.219,10.55,945625.18,10.67,996461.84,10.67,1384062.49,10.35,1240098.96
20181115,000001.SZ,20181115,10.44,10.64,10.42,10.62,10.44,0.18,1.7241,901461.98,949991.801,10.54,1059560.5,10.73,1111794.87,10.68,1419084.16,10.32,1233076.96
20181114,000001.SZ,20181114,10.53,10.55,10.42,10.44,10.54,-0.1,-0.9488,774239.85,810357.748,10.6,1038063.3,10.75,1175926.3,10.69,1418380.87,10.29,1229226.64
20181113,000001.SZ,20181113,10.41,10.65,10.38,10.54,10.56,-0.02,-0.1894,1072497.62,1126736.143,10.67,1040334.82,10.79,1213770.7,10.7,1442256.66,10.27,1223493.32
20181112,000001.SZ,20181112,10.46,10.58,10.38,10.56,10.55,0.01,0.0948,920333.88,965756.504,10.73,972980.44,10.83,1256703.72,10.7,1439073.89,10.24,1219259.88
20181109,000001.SZ,20181109,10.71,10.73,10.4,10.55,10.89,-0.34,-3.1221,1629269.17,1716198.382,10.8,1047298.5,10.85,1323833.21,10.7,1462546.71,10.22,1210990.45
20181108,000001.SZ,20181108,10.88,10.97,10.82,10.89,10.81,0.08,0.7401,793976.0,864744.243,10.91,1164029.24,10.91,1290903.8,10.69,1428916.02,10.2,1197282.36
20181107,000001.SZ,20181107,10.83,10.95,10.75,10.81,10.84,-0.03,-0.2768,785597.41,851487.053,10.9,1313789.3,10.95,1380007.34,10.67,1443501.78,10.17,1193698.65
20181106,000001.SZ,20181106,10.87,10.93,10.73,10.84,10.92,-0.08,-0.7326,735725.74,795322.638,10.92,1387206.58,10.97,1484390.06,10.64,1454875.44,10.14,1192112.41
20181105,000001.SZ,20181105,10.95,11.04,10.82,10.92,11.09,-0.17,-1.5329,1291924.17,1409457.171,10.93,1540427.0,10.97,1571072.08,10.6,1447587.33,10.11,1189083.81
20181102,000001.SZ,20181102,11.04,11.16,10.83,11.09,10.83,0.26,2.4007,2212922.87,2439179.135,10.9,1600367.92,11.0,1706433.98,10.57,1425181.53,10.08,1175494.19
20181101,000001.SZ,20181101,10.99,11.05,10.76,10.83,10.91,-0.08,-0.7333,1542776.32,1679443.449,10.91,1417778.37,10.96,1693508.42,10.53,1384741.62,10.04,1154135.5
20181031,000001.SZ,20181031,10.95,10.99,10.75,10.91,10.9,0.01,0.0917,1152683.79,1252156.775,11.01,1446225.38,10.89,1639346.39,10.5,1352143.38,10.01,1141990.59
20181030,000001.SZ,20181030,10.78,11.08,10.73,10.9,10.75,0.15,1.3953,1501827.86,1641371.787,11.03,1581573.55,10.83,1659167.0,10.47,1337486.17,9.99,1134781.7
20181029,000001.SZ,20181029,11.2,11.24,10.62,10.75,11.18,-0.43,-3.8462,1591628.78,1725932.497,11.02,1601717.16,10.78,1648676.32,10.43,1308658.22,9.96,1121524.34
20181026,000001.SZ,20181026,11.29,11.31,10.96,11.18,11.29,-0.11,-0.9743,1299975.1,1448843.512,11.1,1812500.03,10.72,1629781.97,10.41,1282571.77,9.94,1103582.62
20181025,000001.SZ,20181025,10.8,11.29,10.71,11.29,11.04,0.25,2.2645,1685011.36,1855823.739,11.02,1969238.47,10.63,1651465.49,10.37,1262965.19,9.9,1095805.68
20181024,000001.SZ,20181024,10.9,11.33,10.8,11.04,10.84,0.2,1.845,1829424.64,2026171.911,10.78,1832467.41,10.48,1682478.73,10.33,1246113.25,9.87,1077957.53
20181023,000001.SZ,20181023,11.2,11.22,10.73,10.84,11.15,-0.31,-2.7803,1602545.92,1759265.958,10.63,1736760.45,10.43,1599056.28,10.31,1228343.83,9.84,1071232.02
20181022,000001.SZ,20181022,10.81,11.46,10.78,11.15,10.76,0.39,3.6245,2645543.12,2932714.47,10.54,1695635.47,10.4,1545210.11,10.28,1198648.82,9.82,1074217.73
20181019,000001.SZ,20181019,9.95,10.78,9.92,10.76,10.09,0.67,6.6402,2083667.32,2173571.254,10.33,1447063.91,10.33,1449291.65,10.25,1154159.56,9.79,1059363.3
20181018,000001.SZ,20181018,10.29,10.29,10.06,10.09,10.33,-0.24,-2.3233,1001156.05,1015654.821,10.24,1333692.5,10.36,1451949.19,10.23,1117867.91,9.75,1032325.05
20181017,000001.SZ,20181017,10.5,10.55,10.14,10.33,10.37,-0.04,-0.3857,1350889.83,1400306.336,10.19,1532490.06,10.42,1439869.92,10.23,1114558.82,9.73,1024391.66
20181016,000001.SZ,20181016,10.14,10.54,10.12,10.37,10.11,0.26,2.5717,1396921.05,1450020.371,10.22,1461352.11,10.46,1453832.28,10.23,1112521.73,9.7,1008132.77
20181015,000001.SZ,20181015,10.39,10.47,10.09,10.11,10.3,-0.19,-1.8447,1402685.3,1443043.059,10.26,1394784.75,10.48,1411841.64,10.24,1139905.17,9.68,996348.18
20181012,000001.SZ,20181012,9.97,10.34,9.87,10.3,9.86,0.44,4.4625,1516810.28,1532651.4,10.32,1451519.39,10.53,1434024.95,10.23,1194495.94,9.66,983026.4
20181011,000001.SZ,20181011,10.05,10.16,9.7,9.86,10.45,-0.59,-5.6459,1995143.83,1994186.611,10.47,1570205.87,10.53,1344378.76,10.2,1168238.09,9.63,976754.43
20181010,000001.SZ,20181010,10.54,10.66,10.38,10.45,10.56,-0.11,-1.0417,995200.08,1045666.18,10.65,1347249.77,10.56,1268019.25,10.18,1134481.09,9.61,957690.31
20181009,000001.SZ,20181009,10.46,10.7,10.39,10.56,10.45,0.11,1.0526,1064084.26,1117946.55,10.7,1446312.44,10.53,1281179.99,10.14,1143456.9,9.58,956051.34
20181008,000001.SZ,20181008,10.7,10.79,10.45,10.45,11.05,-0.6,-5.4299,1686358.52,1793455.283,10.7,1428898.53,10.44,1226479.79,10.09,1130698.16,9.56,961815.85
20180928,000001.SZ,20180928,10.78,11.27,10.78,11.05,10.74,0.31,2.8864,2110242.67,2331358.288,10.74,1416530.51,10.38,1119818.96,10.03,1096135.43,9.52,950181.25
20180927,000001.SZ,20180927,10.65,10.84,10.57,10.74,10.71,0.03,0.2801,880363.33,942200.398,10.58,1118551.65,10.27,1008767.26,9.96,1047069.76,9.48,928940.02
20180926,000001.SZ,20180926,10.61,10.92,10.52,10.71,10.55,0.16,1.5166,1490513.43,1600626.208,10.48,1188788.73,10.18,977213.84,9.89,1040072.41,9.44,926119.86
20180925,000001.SZ,20180925,10.52,10.68,10.48,10.55,10.67,-0.12,-1.1246,977014.7,1030715.785,10.35,1116047.53,10.1,899459.25,9.84,1004729.98,9.41,922525.27
20180921,000001.SZ,20180921,10.26,10.7,10.18,10.67,10.23,0.44,4.3011,1624518.41,1707850.487,10.18,1024061.06,10.04,865456.71,9.79,999445.86,9.37,928167.03
20180920,000001.SZ,20180920,10.27,10.36,10.19,10.23,10.24,-0.01,-0.0977,620348.36,636742.814,10.02,823107.41,9.97,783908.4,9.74,959434.19,9.34,912346.72
20180919,000001.SZ,20180919,10.03,10.34,10.03,10.24,10.08,0.16,1.5873,1231548.77,1257191.505,9.96,898982.86,9.95,793051.32,9.71,965648.7,9.32,920520.31
20180918,000001.SZ,20180918,9.73,10.12,9.7,10.08,9.69,0.39,4.0248,1126807.42,1120867.543,9.89,765638.94,9.93,787841.76,9.67,943895.52,9.3,917413.55
20180917,000001.SZ,20180917,9.8,9.8,9.68,9.69,9.84,-0.15,-1.5244,517082.33,502609.643,9.86,682870.96,9.96,804795.22,9.64,929349.38,9.28,917369.37
20180914,000001.SZ,20180914,9.98,9.98,9.81,9.84,9.96,-0.12,-1.2048,619750.19,611422.48,9.89,706852.35,10.01,824256.56,9.61,930580.3,9.28,928671.54
20180913,000001.SZ,20180913,10.09,10.1,9.84,9.96,9.88,0.08,0.8097,999725.61,993389.97,9.93,744709.38,10.04,893368.06,9.58,925806.85,9.28,929306.01
20180912,000001.SZ,20180912,9.87,9.97,9.82,9.88,9.91,-0.03,-0.3027,564829.16,558399.563,9.93,687119.77,10.06,892887.27,9.55,923529.37,9.27,926645.1
20180911,000001.SZ,20180911,9.9,10.03,9.81,9.91,9.88,0.03,0.3036,712967.51,707337.57,9.96,810044.57,10.1,926592.71,9.52,931837.79,9.27,929958.57
20180910,000001.SZ,20180910,10.01,10.07,9.84,9.88,10.01,-0.13,-1.2987,636989.29,631174.169,10.07,926719.49,10.13,984273.68,9.51,932077.23,9.27,944173.69
20180907,000001.SZ,20180907,10.04,10.18,9.93,10.01,9.97,0.04,0.4012,809035.34,815151.722,10.13,941660.76,10.19,1142417.17,9.49,934390.45,9.27,954369.0
20180906,000001.SZ,20180906,10.05,10.14,9.95,9.97,10.05,-0.08,-0.796,711777.55,713975.749,10.15,1042026.74,10.19,1365554.48,9.47,924593.48,9.27,955324.94
20180905,000001.SZ,20180905,10.3,10.33,10.05,10.05,10.43,-0.38,-3.6433,1179453.17,1202345.697,10.18,1098654.78,10.13,1367284.19,9.44,928646.16,9.26,952305.05
20180904,000001.SZ,20180904,10.2,10.55,10.07,10.43,10.19,0.24,2.3553,1296342.08,1339756.563,10.23,1043140.84,10.05,1347582.27,9.42,909801.82,9.26,947869.18
20180903,000001.SZ,20180903,10.09,10.3,10.09,10.19,10.13,0.06,0.5923,711695.67,725303.291,10.2,1041827.87,9.93,1344395.51,9.38,914120.22,9.25,938286.39
20180831,000001.SZ,20180831,10.13,10.32,10.1,10.13,10.12,0.01,0.0988,1310865.24,1337898.869,10.25,1343173.58,9.81,1341358.14,9.36,949786.64,9.25,944747.8
20180830,000001.SZ,20180830,10.27,10.35,10.08,10.12,10.27,-0.15,-1.4606,994917.73,1013877.514,10.23,1689082.21,9.68,1275219.28,9.33,964567.05,9.25,943944.01
20180829,000001.SZ,20180829,10.25,10.33,10.15,10.27,10.29,-0.02,-0.1944,901883.49,923581.546,10.08,1635913.59,9.55,1239554.76,9.28,946782.2,9.25,939241.11
20180828,000001.SZ,20180828,10.34,10.43,10.24,10.29,10.43,-0.14,-1.3423,1289777.24,1331917.86,9.88,1652023.69,9.4,1216410.69,9.23,934224.51,9.24,935152.06
20180827,000001.SZ,20180827,10.02,10.43,9.97,10.43,10.03,0.4,3.988,2218424.22,2251527.721,9.67,1646963.14,9.27,1130457.01,9.17,903743.81,9.24,923539.75
20180824,000001.SZ,20180824,9.31,10.28,9.29,10.03,9.36,0.67,7.1581,3040408.39,2995071.976,9.38,1339542.7,9.13,990463.7,9.12,852791.19,9.23,896519.53
20180823,000001.SZ,20180823,9.3,9.42,9.23,9.36,9.29,0.07,0.7535,729074.62,680941.392,9.14,861356.34,9.05,728839.69,9.08,771556.85,9.23,862302.06
20180822,000001.SZ,20180822,9.24,9.34,9.13,9.29,9.23,0.06,0.6501,982433.98,909598.743,9.02,843195.92,9.05,736610.61,9.06,785270.78,9.24,868891.6
20180821,000001.SZ,20180821,9.02,9.26,9.01,9.23,9.0,0.23,2.5556,1264474.47,1163292.795,8.92,780797.7,9.02,696262.53,9.04,780899.53,9.26,867342.62
20180820,000001.SZ,20180820,8.9,9.02,8.87,9.0,8.81,0.19,2.1566,681322.06,609934.725,8.88,613950.88,9.02,638857.4,9.03,768645.78,9.28,855758.06
20180817,000001.SZ,20180817,8.88,8.94,8.78,8.81,8.78,0.03,0.3417,649476.56,576683.267,8.89,641384.69,9.01,626126.2,9.02,792933.54,9.3,854291.62
20180816,000001.SZ,20180816,8.73,8.89,8.64,8.78,8.79,-0.01,-0.1138,638272.55,559523.123,8.97,596323.05,9.02,608833.21,9.02,804227.07,9.33,854936.21
20180815,000001.SZ,20180815,9.02,9.02,8.75,8.79,9.0,-0.21,-2.3333,670442.85,594759.517,9.07,630025.29,9.04,638146.08,9.0,810810.28,9.36,860815.27
20180814,000001.SZ,20180814,9.03,9.04,8.94,9.0,9.05,-0.05,-0.5525,430240.36,386334.617,9.12,611727.35,9.07,652509.96,8.99,812167.3,9.39,859472.42
20180813,000001.SZ,20180813,9.12,9.16,8.9,9.05,9.23,-0.18,-1.9502,818491.12,736947.79,9.16,663763.92,9.11,681501.01,8.98,840320.57,9.42,865027.31
20180810,000001.SZ,20180810,9.3,9.32,9.16,9.23,9.29,-0.06,-0.6459,424168.36,391366.341,9.14,610867.71,9.15,670290.49,8.96,856888.21,9.45,861025.54
20180809,000001.SZ,20180809,9.04,9.35,9.02,9.29,9.05,0.24,2.6519,806783.77,746469.808,9.07,621343.36,9.15,679386.26,8.95,865259.25,9.47,863730.97
20180808,000001.SZ,20180808,9.16,9.16,9.04,9.05,9.17,-0.12,-1.3086,578953.16,527526.989,9.0,646266.87,9.15,682043.7,8.93,875391.92,9.5,862190.61
20180807,000001.SZ,20180807,8.96,9.17,8.88,9.17,8.94,0.23,2.5727,690423.19,624359.656,9.02,693292.57,9.18,685560.66,8.93,890931.58,9.53,863695.75
20180806,000001.SZ,20180806,8.94,9.11,8.89,8.94,8.91,0.03,0.3367,554010.08,497906.686,9.07,699238.09,9.2,759107.76,8.93,905389.37,9.56,869510.31
20180803,000001.SZ,20180803,8.93,9.1,8.91,8.91,8.94,-0.03,-0.3356,476546.62,428641.526,9.16,729713.27,9.25,881875.58,8.94,926762.78,9.59,873149.64
20180802,000001.SZ,20180802,9.13,9.15,8.88,8.94,9.15,-0.21,-2.2951,931401.28,839272.254,9.23,737429.15,9.27,1009648.65,8.97,932805.18,9.62,874419.46
20180801,000001.SZ,20180801,9.42,9.5,9.11,9.15,9.42,-0.27,-2.8662,814081.68,759282.229,9.29,717820.53,9.25,962645.77,8.99,929760.83,9.65,869357.04
20180731,000001.SZ,20180731,9.37,9.49,9.25,9.42,9.39,0.03,0.3195,720150.8,674484.65,9.34,677828.75,9.2,933752.87,9.01,928079.35,9.68,878677.44
20180730,000001.SZ,20180730,9.32,9.49,9.26,9.39,9.25,0.14,1.5135,706385.97,661767.547,9.33,818977.42,9.13,899273.43,9.02,956270.14,9.7,882913.42
20180727,000001.SZ,20180727,9.3,9.36,9.18,9.25,9.25,0.0,0.0,515126.03,477527.419,9.34,1034037.88,9.07,897619.39,9.04,974347.54,9.72,882982.15
20180726,000001.SZ,20180726,9.4,9.48,9.21,9.25,9.38,-0.13,-1.3859,833358.15,778429.753,9.31,1281868.16,9.03,906444.61,9.07,986056.4,9.74,895752.64
20180725,000001.SZ,20180725,9.44,9.47,9.33,9.38,9.4,-0.02,-0.2128,614122.81,575752.176,9.21,1207471.0,8.99,937158.02,9.08,975963.94,9.77,901705.39
20180724,000001.SZ,20180724,9.39,9.59,9.33,9.4,9.42,-0.02,-0.2123,1425894.16,1348746.826,9.07,1189677.0,8.92,960875.41,9.1,985936.54,9.79,936633.27
20180723,000001.SZ,20180723,9.04,9.45,9.0,9.42,9.11,0.31,3.4029,1781688.26,1646028.021,8.94,979569.43,8.86,907972.2,9.12,962452.57,9.82,927438.97
20180720,000001.SZ,20180720,8.73,9.2,8.61,9.11,8.73,0.38,4.3528,1754277.4,1576843.937,8.8,761200.89,8.81,870798.83,9.14,939708.95,9.85,909915.61
20180719,000001.SZ,20180719,8.75,8.81,8.69,8.73,8.7,0.03,0.34,461372.39,403674.308,8.75,531021.06,8.75,794199.36,9.17,923320.98,9.89,905029.3
20180718,000001.SZ,20180718,8.75,8.85,8.69,8.7,8.72,-0.02,-0.23,525152.77,460697.377,8.78,666845.04,8.73,831639.0,9.21,931700.01,9.94,915177.91
20180717,000001.SZ,20180717,8.74,8.75,8.66,8.72,8.73,-0.01,-0.11,375356.33,326396.994,8.77,732073.83,8.7,850239.06,9.26,936079.61,9.98,922403.54
20180716,000001.SZ,20180716,8.85,8.9,8.69,8.73,8.88,-0.15,-1.69,689845.58,603427.713,8.79,836374.96,8.68,940187.28,9.31,943335.68,10.02,930299.8
20180713,000001.SZ,20180713,8.92,8.94,8.82,8.88,8.88,0.0,0.0,603378.21,535401.175,8.83,980396.77,8.66,1002754.74,9.35,940247.86,10.07,943399.8
20180712,000001.SZ,20180712,8.6,8.97,8.58,8.88,8.64,0.24,2.78,1140492.31,1008658.828,8.75,1057377.66,8.66,1009946.88,9.39,953047.27,10.1,955041.69
20180711,000001.SZ,20180711,8.62,8.69,8.54,8.64,8.84,-0.2,-2.23,851296.7,744765.824,8.67,996432.96,8.65,1006974.06,9.42,952512.43,10.14,959818.03
20180710,000001.SZ,20180710,8.88,8.88,8.75,8.84,8.89,-0.05,-0.55,896862.02,803038.965,8.64,968404.29,8.69,1026358.65,9.47,953785.7,10.18,967300.69
20180709,000001.SZ,20180709,8.55,8.89,8.54,8.89,8.52,0.37,4.27,1409954.6,1255007.609,8.57,1043999.6,8.72,1049088.15,9.53,942870.33,10.22,971905.12
20180706,000001.SZ,20180706,8.47,8.64,8.32,8.52,8.46,0.06,0.7,988282.69,852071.526,8.49,1025112.71,8.76,1027613.95,9.58,915649.7,10.27,983338.72
20180705,000001.SZ,20180705,8.48,8.59,8.41,8.46,8.47,-0.01,-0.12,835768.77,722169.579,8.58,962516.1,8.88,994567.53,9.64,905645.35,10.31,990049.85
20180704,000001.SZ,20180704,8.49,8.61,8.47,8.47,8.53,-0.06,-0.69,711153.37,617278.559,8.64,1017515.16,9.01,994997.73,9.71,910820.26,10.35,994033.64
20180703,000001.SZ,20180703,8.55,8.56,8.32,8.53,8.47,0.06,0.7,1274838.57,1096657.033,8.74,1084313.02,9.13,1000246.12,9.78,906777.55,10.39,1008889.23
20180702,000001.SZ,20180702,8.91,8.91,8.41,8.47,8.95,-0.48,-5.28,1315520.13,1158545.868,8.87,1054176.69,9.25,1029349.71,9.86,889734.05,10.42,1002487.68
20180629,000001.SZ,20180629,8.87,8.98,8.82,8.95,8.78,0.17,1.91,675299.68,611346.088,9.04,1030115.19,9.41,1022668.49,9.94,865162.87,10.46,999050.95
20180628,000001.SZ,20180628,8.81,8.94,8.73,8.78,8.95,-0.17,-1.87,1110764.03,996801.234,9.19,1026618.95,9.5,1041777.72,9.99,862202.69,10.49,1000332.18
20180627,000001.SZ,20180627,9.16,9.25,8.89,8.95,9.21,-0.27,-2.88,1045142.68,958871.648,9.37,972480.3,9.6,983759.75,10.06,848989.29,10.52,1003996.15
20180626,000001.SZ,20180626,9.24,9.29,8.95,9.21,9.31,-0.1,-1.06,1124156.94,1042528.543,9.53,916179.23,9.7,970575.55,10.12,836459.92,10.55,1004894.17
20180625,000001.SZ,20180625,9.75,9.76,9.23,9.31,9.69,-0.39,-3.96,1195212.6,1154559.08,9.63,1004522.73,9.76,930297.36,10.18,833631.26,10.58,1004557.11
20180622,000001.SZ,20180622,9.64,9.71,9.61,9.69,9.7,-0.01,-0.1,657818.51,645752.909,9.77,1015221.79,9.83,920714.08,10.23,819536.49,10.6,1007696.88
20180621,000001.SZ,20180621,9.77,9.88,9.7,9.7,9.75,-0.05,-0.5,840070.77,836014.838,9.82,1056936.49,9.88,981196.05,10.27,816033.74,10.63,1027161.41
20180620,000001.SZ,20180620,9.71,9.79,9.6,9.75,9.71,0.04,0.41,763637.31,752950.7,9.83,995039.2,9.91,968463.31,10.31,808953.25,10.66,1029564.87
20180619,000001.SZ,20180619,9.89,9.99,9.66,9.71,10.01,-0.3,-2.95,1565874.47,1565756.559,9.86,1024971.88,9.94,957753.66,10.35,829275.53,10.69,1040922.74
20180615,000001.SZ,20180615,9.92,10.13,9.9,10.01,9.91,0.1,0.99,1248707.88,1273412.999,9.9,856071.98,9.98,860470.04,10.38,809556.7,10.72,1027760.67
20180614,000001.SZ,20180614,9.79,9.99,9.76,9.91,9.79,0.12,1.21,866392.01,872487.574,9.89,826206.37,9.99,795320.37,10.39,791616.76,10.75,1020424.52
20180613,000001.SZ,20180613,9.88,9.9,9.79,9.79,9.9,-0.11,-1.09,530584.31,530483.756,9.95,905455.61,10.0,807417.21,10.42,805448.88,10.77,1022034.37
20180612,000001.SZ,20180612,9.87,9.92,9.79,9.9,9.88,0.02,0.2,913300.72,914001.701,9.98,941887.43,10.01,866803.48,10.45,827446.84,10.8,1032452.88
20180611,000001.SZ,20180611,9.9,9.97,9.84,9.88,9.96,-0.08,-0.79,721374.98,724687.998,10.02,890535.43,10.04,864422.91,10.47,887330.01,10.83,1027824.44
20180608,000001.SZ,20180608,10.17,10.17,9.9,9.96,10.2,-0.25,-2.41,1099379.82,1114968.856,10.07,864868.11,10.09,849225.5,10.52,892425.37,10.86,1033839.31
20180607,000001.SZ,20180607,10.04,10.29,10.02,10.2,9.98,0.23,2.27,1262638.2,1306425.478,10.08,764434.37,10.14,798621.09,10.57,880122.26,10.9,1036661.34
20180606,000001.SZ,20180606,10.09,10.1,9.94,9.98,10.1,-0.12,-1.17,712743.41,724032.796,10.05,709378.81,10.16,741172.47,10.62,886737.61,10.92,1031348.65
20180605,000001.SZ,20180605,10.13,10.14,9.95,10.1,10.11,-0.01,-0.1,656540.75,670740.302,10.04,791719.54,10.21,768999.76,10.66,898655.81,10.96,1030965.51
20180604,000001.SZ,20180604,10.07,10.15,9.99,10.11,10.03,0.08,0.79,593038.35,608291.978,10.06,838310.38,10.27,762332.87,10.7,908727.47,10.99,1043816.0
20180601,000001.SZ,20180601,9.99,10.13,9.91,10.03,10.02,0.01,0.1,597211.16,608398.867,10.12,833582.89,10.34,779382.39,10.74,917263.92,11.02,1053101.4
20180531,000001.SZ,20180531,9.95,10.03,9.86,10.02,9.92,0.1,0.99,987360.38,999216.332,10.2,832807.8,10.42,777499.75,10.78,946551.73,11.04,1055717.6
20180530,000001.SZ,20180530,10.13,10.13,9.89,9.92,10.21,-0.3,-2.89,1124447.04,1139918.753,10.28,772966.12,10.48,737413.15,10.82,957036.11,11.07,1050313.67
20180529,000001.SZ,20180529,10.41,10.46,10.19,10.21,10.42,-0.21,-1.98,889494.97,930386.966,10.39,746279.97,10.56,696404.65,10.85,967123.63,11.1,1046355.5
20180528,000001.SZ,20180528,10.41,10.49,10.34,10.42,10.42,0.0,0.0,569400.92,602590.746,10.49,686355.35,10.63,674381.3,10.89,980815.67,11.13,1051766.35
20180525,000001.SZ,20180525,10.44,10.5,10.38,10.42,10.44,-0.02,-0.19,593335.67,629735.45,10.56,725181.88,10.69,721370.92,10.92,1000939.91,11.16,1063707.48
20180524,000001.SZ,20180524,10.49,10.51,10.41,10.44,10.48,-0.04,-0.38,688152.02,730678.763,10.64,722191.7,10.73,739274.32,10.96,1051027.73,11.19,1071247.87
20180523,000001.SZ,20180523,10.65,10.65,10.45,10.48,10.69,-0.21,-1.93,991016.29,1058587.812,10.68,701860.17,10.77,725732.71,10.99,1074454.36,11.23,1076673.05
20180522,000001.SZ,20180522,10.78,10.8,10.62,10.69,10.78,-0.09,-0.82,589871.85,639815.249,10.73,646529.33,10.8,689396.69,11.0,1077247.01,11.26,1081296.21
20180521,000001.SZ,20180521,10.89,10.93,10.76,10.78,10.79,-0.01,-0.09,763533.57,838750.577,10.78,662407.25,10.82,767740.08,11.0,1111000.9,11.27,1085868.19
20180518,000001.SZ,20180518,10.64,10.8,10.59,10.79,10.65,0.14,1.29,578384.77,628250.184,10.82,717559.97,10.8,788817.69,10.99,1115241.31,11.29,1094778.94
20180517,000001.SZ,20180517,10.74,10.77,10.61,10.65,10.73,-0.08,-0.73,586494.38,635675.44,10.83,756356.94,10.78,802030.16,10.98,1132939.03,11.3,1105618.9
20180516,000001.SZ,20180516,10.89,10.89,10.72,10.73,10.94,-0.22,-1.98,714362.08,782694.669,10.87,749605.24,10.77,871516.28,10.98,1138461.67,11.32,1142926.49
20180515,000001.SZ,20180515,11.0,11.01,10.84,10.94,11.0,-0.06,-0.54,669261.44,742590.447,10.88,732264.05,10.77,919132.39,10.99,1159003.02,11.34,1166650.71
20180514,000001.SZ,20180514,10.91,11.05,10.85,11.0,10.83,0.17,1.54,1039297.16,1158064.201,10.86,873072.9,10.74,1123185.81,10.98,1173328.41,11.37,1211258.3
20180511,000001.SZ,20180511,10.86,10.95,10.79,10.83,10.83,0.0,0.0,772369.66,853271.166,10.79,860075.4,10.76,1106679.69,10.97,1175482.96,11.42,1236984.55
20180510,000001.SZ,20180510,10.85,10.91,10.74,10.83,10.8,0.04,0.36,552735.88,607349.997,10.72,847703.38,10.83,1102471.37,10.97,1195857.26,11.48,1262978.35
20180509,000001.SZ,20180509,10.8,10.85,10.71,10.8,10.83,-0.04,-0.36,627656.13,687036.874,10.67,993427.31,10.91,1193307.66,10.98,1238289.09,11.53,1273374.63
20180508,000001.SZ,20180508,10.66,10.97,10.63,10.83,10.64,0.2,1.85,1373305.68,1511546.681,10.65,1106000.72,10.97,1237570.98,11.0,1250176.5,11.58,1296340.61
20180507,000001.SZ,20180507,10.53,10.66,10.47,10.64,10.51,0.13,1.22,974309.67,1046743.101,10.62,1373298.72,11.01,1196109.48,11.03,1252569.96,11.63,1302581.0
20180504,000001.SZ,20180504,10.56,10.66,10.49,10.51,10.58,-0.07,-0.65,710509.52,761302.468,10.74,1353283.97,11.07,1183591.7,11.06,1245964.64,11.67,1304588.17
20180503,000001.SZ,20180503,10.69,10.71,10.4,10.58,10.71,-0.13,-1.19,1281355.57,1372765.845,10.94,1357239.36,11.15,1260125.28,11.1,1249232.28,11.72,1327588.79
20180502,000001.SZ,20180502,10.8,10.85,10.63,10.71,10.68,0.03,0.28,1190523.18,1295804.42,11.16,1393188.01,11.2,1262178.89,11.13,1238619.87,11.78,1340116.01
20180427,000001.SZ,20180427,11.31,11.33,10.46,10.68,11.24,-0.57,-4.99,2709795.68,2958464.277,11.29,1369141.24,11.22,1285833.86,11.16,1237458.92,11.83,1359773.7
20180426,000001.SZ,20180426,11.47,11.5,11.13,11.24,11.49,-0.26,-2.23,874235.91,1002483.154,11.39,1018920.24,11.29,1144879.89,11.19,1168318.87,11.9,1357798.64
20180425,000001.SZ,20180425,11.57,11.62,11.44,11.49,11.67,-0.18,-1.52,730286.48,854713.248,11.4,1013899.42,11.3,1174769.11,11.21,1175253.25,11.95,1383041.23
20180424,000001.SZ,20180424,11.44,11.75,11.4,11.67,11.39,0.29,2.51,1461098.8,1725152.198,11.37,1163011.19,11.32,1311337.51,11.22,1193200.41,11.99,1405434.25
20180423,000001.SZ,20180423,11.12,11.42,11.08,11.39,11.17,0.22,1.94,1070289.35,1228544.006,11.24,1131169.78,11.27,1304322.71,11.23,1175959.68,,
20180420,000001.SZ,20180420,11.33,11.4,11.02,11.17,11.29,-0.12,-1.05,958690.66,1090801.311,11.15,1202526.47,11.22,1304773.35,11.25,1163275.21,,
20180419,000001.SZ,20180419,11.34,11.5,11.24,11.29,11.32,-0.03,-0.26,849131.83,979593.564,11.19,1270839.53,11.17,1369153.16,11.27,1178904.53,,
20180418,000001.SZ,20180418,11.27,11.42,11.1,11.32,11.03,0.29,2.59,1475845.33,1692722.923,11.2,1335638.8,11.08,1373314.54,11.29,1188938.88,,
20180417,000001.SZ,20180417,10.94,11.27,10.93,11.03,10.92,0.11,0.99,1301891.72,1468159.349,11.26,1459663.83,11.0,1336661.65,11.3,1164883.48,,
20180416,000001.SZ,20180416,11.29,11.29,10.85,10.92,11.39,-0.47,-4.06,1427072.81,1593706.086,11.31,1477475.64,10.97,1281689.85,11.33,1143591.22,,
20180413,000001.SZ,20180413,11.45,11.6,11.27,11.39,11.34,0.05,0.43,1300255.97,1516155.527,11.29,1407020.23,10.97,1272042.8,11.36,1125587.37,,
20180412,000001.SZ,20180412,11.61,11.64,11.24,11.34,11.64,-0.31,-2.62,1173128.18,1364675.848,11.15,1467466.78,10.9,1251919.54,11.38,1122717.02,,
20180411,000001.SZ,20180411,11.21,11.73,11.2,11.64,11.24,0.41,3.59,2095970.45,2458982.163,10.96,1410990.28,10.84,1245000.09,11.4,1126475.05,,
20180410,000001.SZ,20180410,10.84,11.28,10.8,11.24,10.84,0.4,3.63,1390950.79,1562265.089,10.74,1213659.47,10.76,1173762.89,11.43,1091468.0,,
20180409,000001.SZ,20180409,10.63,10.92,10.56,10.84,10.7,0.15,1.38,1074795.76,1180084.371,10.64,1085904.05,10.75,1217236.89,11.47,1078891.74,,
20180404,000001.SZ,20180404,10.51,10.83,10.43,10.7,10.39,0.31,2.94,1602488.73,1737258.898,10.65,1137065.37,10.81,1208185.16,11.51,1085345.42,,
20180403,000001.SZ,20180403,10.43,10.5,10.34,10.39,10.54,-0.15,-1.4,890745.65,942237.8,10.65,1036372.31,10.91,1192447.23,11.55,1060735.47,,
20180402,000001.SZ,20180402,10.7,10.81,10.53,10.54,10.73,-0.19,-1.74,1109316.43,1200911.98,10.73,1079009.9,11.04,1180987.67,11.59,1074316.57,,
20180330,000001.SZ,20180330,10.86,10.87,10.71,10.73,10.87,-0.15,-1.36,752173.68,823438.18,10.77,1133866.31,11.15,1150909.9,11.63,1078298.77,,
20180329,000001.SZ,20180329,10.75,10.99,10.38,10.87,10.72,0.16,1.47,1330602.38,1445281.829,10.86,1348569.73,11.22,1171990.87,11.65,1147391.31,,
20180328,000001.SZ,20180328,10.68,10.96,10.62,10.72,10.77,-0.05,-0.46,1099023.39,1201023.442,10.98,1279304.94,11.28,1154500.1,11.7,1174298.4,,
20180327,000001.SZ,20180327,10.92,10.99,10.69,10.77,10.76,0.01,0.09,1103933.61,1213989.931,11.17,1348522.16,11.38,1108157.18,11.77,1249188.18,,
20180326,000001.SZ,20180326,10.97,11.02,10.69,10.76,11.16,-0.41,-3.62,1383598.51,1519435.011,11.35,1282965.44,11.49,1105990.55,11.87,1298486.13,,
20180323,000001.SZ,20180323,11.07,11.17,10.75,11.16,11.47,-0.32,-2.74,1825690.75,2037734.4,11.52,1167953.48,11.6,1094500.83,11.99,1330099.44,,
20180322,000001.SZ,20180322,11.71,11.78,11.43,11.47,11.71,-0.24,-2.02,984278.42,1155741.055,11.58,995412.01,11.67,1006319.45,12.08,1308460.18,,
20180321,000001.SZ,20180321,11.76,11.93,11.66,11.71,11.63,0.08,0.68,1445109.51,1736437.401,11.59,1029695.27,11.72,976867.11,12.15,1342504.72,,
20180320,000001.SZ,20180320,11.55,11.69,11.53,11.63,11.64,-0.01,-0.08,776150.02,916858.475,11.59,867792.2,11.73,975113.19,12.23,1352592.04,,
20180319,000001.SZ,20180319,11.47,11.65,11.42,11.64,11.45,0.19,1.63,808538.72,947664.744,11.63,929015.66,11.76,1012514.44,12.29,1363211.7,,
20180316,000001.SZ,20180316,11.53,11.66,11.45,11.45,11.52,-0.07,-0.6,962983.38,1130784.17,11.67,1021048.18,11.76,1007078.88,12.35,1405945.3,,
20180315,000001.SZ,20180315,11.6,11.66,11.47,11.52,11.73,-0.21,-1.76,1155694.73,1356878.634,11.76,1017226.89,11.79,977092.96,12.43,1441612.14,,
20180314,000001.SZ,20180314,11.79,11.81,11.64,11.73,11.83,-0.1,-0.83,635594.13,757090.756,11.84,924038.95,11.83,950219.21,12.51,1482088.47,,
20180313,000001.SZ,20180313,11.85,12.03,11.81,11.83,11.84,-0.01,-0.08,1082267.32,1309543.466,11.87,1082434.19,11.84,1008074.35,12.6,1547278.41,,
20180312,000001.SZ,20180312,11.96,11.98,11.76,11.84,11.9,-0.06,-0.5,1268701.32,1526643.478,11.89,1096013.23,11.86,1028434.53,12.68,1590829.22,,
20180309,000001.SZ,20180309,11.96,12.01,11.79,11.9,11.92,-0.02,-0.17,943876.97,1139043.574,11.85,993109.59,11.92,1006140.27,12.76,1617668.08,,
20180308,000001.SZ,20180308,11.86,11.96,11.76,11.92,11.86,0.06,0.5,689755.03,832153.697,11.82,936959.03,11.97,1013118.89,,,,
20180307,000001.SZ,20180307,11.96,12.14,11.85,11.86,11.91,-0.05,-0.41,1427570.32,1744085.27,11.81,976399.46,12.01,1070983.99,,,,
20180306,000001.SZ,20180306,11.76,11.92,11.58,11.91,11.67,0.24,2.02,1150162.49,1373438.382,11.81,933714.51,12.0,1014645.99,,,,
20180305,000001.SZ,20180305,11.74,11.89,11.61,11.67,11.76,-0.09,-0.75,754183.13,897244.265,11.84,960855.82,11.99,1029447.61,,,,
20180302,000001.SZ,20180302,11.73,11.85,11.66,11.76,11.85,-0.09,-0.75,663124.16,791736.473,12.0,1019170.95,11.97,1076907.54,,,,
20180301,000001.SZ,20180301,11.73,11.96,11.71,11.85,11.86,-0.01,-0.08,886957.18,1069354.491,12.13,1089278.75,11.95,1293090.1,,,,
20180228,000001.SZ,20180228,11.91,12.0,11.74,11.86,12.08,-0.23,-1.87,1214145.59,1463313.702,12.21,1165568.53,12.0,1418175.88,,,,
20180227,000001.SZ,20180227,12.44,12.5,12.0,12.08,12.43,-0.35,-2.77,1285869.06,1590018.492,12.2,1095577.46,12.08,1631333.02,,,,
20180226,000001.SZ,20180226,12.57,12.65,12.25,12.43,12.41,0.02,0.16,1045758.74,1318960.463,12.13,1098039.39,12.25,1761033.32,,,,
20180223,000001.SZ,20180223,12.38,12.59,12.25,12.41,12.26,0.15,1.2,1013663.2,1278185.721,11.95,1134644.13,12.44,1889657.24,,,,
20180222,000001.SZ,20180222,12.05,12.33,12.05,12.26,11.81,0.46,3.83,1268406.07,1573562.575,11.77,1496901.44,12.58,1905942.19,,,,
20180214,000001.SZ,20180214,11.77,11.84,11.57,11.81,11.75,0.06,0.5,864190.24,1030474.41,11.79,1670783.24,12.74,1979663.06,,,,
20180213,000001.SZ,20180213,11.68,12.02,11.65,11.75,11.53,0.22,1.88,1298178.69,1562420.005,11.97,2167088.58,12.94,2068016.95,,,,
20180212,000001.SZ,20180212,11.59,11.65,11.38,11.53,11.5,0.03,0.26,1228782.44,1439644.312,12.37,2424027.25,13.11,2047673.06,,,,
20180209,000001.SZ,20180209,11.89,11.89,11.2,11.5,12.34,-0.85,-6.78,2824949.75,3308553.501,12.93,2644670.34,13.31,2133849.49,,,,
20180208,000001.SZ,20180208,12.63,12.71,12.33,12.34,12.71,-0.38,-2.94,2137815.06,2711464.886,13.4,2314982.94,13.54,2054653.38,,,,
20180207,000001.SZ,20180207,13.99,14.07,12.56,12.71,13.78,-1.08,-7.71,3345716.97,4521586.59,13.69,2288542.87,13.7,2077870.33,,,,
20180206,000001.SZ,20180206,14.0,14.1,13.71,13.78,14.32,-0.55,-3.78,2582872.04,3641294.71,13.91,1968945.31,13.87,2002427.84,,,,
20180205,000001.SZ,20180205,13.58,14.34,13.51,14.32,13.83,0.5,3.56,2331997.9,3326355.314,13.84,1671318.87,13.94,1983019.81,,,,
20180202,000001.SZ,20180202,13.69,13.88,13.41,13.83,13.81,0.02,0.14,1176512.71,1637619.618,13.68,1623028.63,13.93,1957206.73,,,,
20180201,000001.SZ,20180201,13.73,14.07,13.62,13.81,13.83,-0.02,-0.14,2005614.75,2821583.609,13.68,1794323.82,,,,,,
20180131,000001.SZ,20180131,13.38,13.83,13.31,13.83,13.43,0.4,2.93,1747729.14,2423104.767,13.72,1867197.78,,,,,,
20180130,000001.SZ,20180130,13.48,13.62,13.33,13.43,13.52,-0.09,-0.66,1094739.86,1497708.872,13.83,2035910.38,,,,,,
20180129,000001.SZ,20180129,13.83,14.02,13.38,13.52,13.83,-0.31,-2.21,2090546.68,2911452.095,14.03,2294720.75,,,,,,
20180126,000001.SZ,20180126,13.95,14.11,13.8,13.83,13.97,-0.15,-1.06,2032988.65,2885104.627,14.17,2291384.84,,,,,,
20180125,000001.SZ,20180125,14.22,14.24,13.78,13.97,14.41,-0.44,-3.01,2369984.59,3360822.344,,,,,,,,
20180124,000001.SZ,20180124,14.43,14.84,14.27,14.41,14.42,-0.01,-0.07,2591292.12,3838734.922,,,,,,,,
20180123,000001.SZ,20180123,14.13,14.66,14.1,14.42,14.21,0.21,1.45,2388791.7,3492462.005,,,,,,,,
20180122,000001.SZ,20180122,14.37,14.7,14.2,14.21,14.56,-0.36,-2.43,2073867.14,3032799.07,,,,,,,,
